bbm0,Bridgette Bridgette Murphy,password,NULL,NULL
ssg1,Silvie Silvie Griffin,password,1948-02-20,NULL
ssy2,Sileas Sileas Young,password,1997-10-08,NULL
kks3,Kristien Kristien Stewart,password,NULL,NULL
ac4,Allyce Cox,password,NULL,NULL
se5,Sallyann Edwards,password,NULL,NULL
ddb6,Deerdre Deerdre Brown,password,NULL,NULL
cca7,Cordy Cordy Allen,password,NULL,NULL
ssp8,Sapphira Sapphira Patterson,password,1996-02-16,NULL
bj9,Brynna James,password,1989-12-13,NULL
fe10,Fernandina Evans,password,NULL,NULL
wwj11,Wandis Wandis Jones,password,NULL,NULL
ew12,Eyde White,password,2000-08-18,NULL
aah13,Annadiane Annadiane Hill,password,NULL,NULL
et14,Elsy Turner,password,NULL,NULL
lj15,Leena Jenkins,password,1965-01-15,NULL
ddg16,Dede Dede Gonzales,password,NULL,NULL
wwc17,Wanids Wanids Clark,password,NULL,NULL
jjw18,Joly Joly Ward,password,1965-06-26,NULL
mf19,Meggie Foster,password,1970-07-19,NULL
mml20,Marlene Marlene Lopez,password,NULL,NULL
gg21,Gloria Green,password,1981-10-26,NULL
sw22,Shirline Walker,password,1979-09-27,NULL
ccs23,Codie Codie Smith,password,NULL,NULL
hr24,Heddi Richardson,password,1985-09-28,NULL
mb25,Marika Bennett,password,NULL,NULL
ad26,Amii Diaz,password,NULL,NULL
or27,Ora Rodriguez,password,1995-06-22,NULL
oof28,Olivie Olivie Flores,password,1970-07-05,NULL
zc29,Zorina Cooper,password,NULL,NULL
aar30,Anna-Diane Anna-Diane Roberts,password,NULL,NULL
fb31,Fionnula Butler,password,1947-03-22,NULL
jw32,Joete Washington,password,1994-12-20,NULL
iit33,Indira Indira Thomas,password,NULL,NULL
am34,Alika Morgan,password,NULL,NULL
iim35,Ianthe Ianthe Morris,password,NULL,NULL
ka36,Keely Alexander,password,2002-03-09,NULL
aar37,Aubrie Aubrie Ramirez,password,NULL,NULL
ssp38,Sada Sada Peterson,password,1951-12-20,NULL
jjj39,Johannah Johannah Johnson,password,1971-05-17,NULL
kks40,Keslie Keslie Simmons,password,1983-05-14,NULL
kkw41,Karla Karla Watson,password,1944-05-19,NULL
kkb42,Karoly Karoly Bryant,password,NULL,NULL
al43,Aubrette Lee,password,NULL,NULL
cch44,Carine Carine Hernandez,password,NULL,NULL
kk45,Katee Kelly,password,1983-06-04,NULL
dc46,Dale Carter,password,1997-08-22,NULL
kkg47,Konstance Konstance Garcia,password,1963-09-28,NULL
mw48,Mimi Williams,password,1999-04-27,NULL
ds49,Darelle Sanders,password,NULL,NULL
kkk50,Karna Karna King,password,NULL,NULL
ar51,Aile Reed,password,NULL,NULL
cc52,Chrissie Coleman,password,NULL,NULL
gl53,Grier Long,password,1960-05-13,NULL
aj54,Arlee Jackson,password,1963-05-24,NULL
rm55,Roxanna Martin,password,NULL,NULL
llh56,Lorenza Lorenza Harris,password,1993-03-03,NULL
hhr57,Hailee Hailee Ross,password,1946-11-22,NULL
mmp58,Mireille Mireille Perez,password,1996-02-23,NULL
cr59,Christiana Robinson,password,1976-08-12,NULL
om60,Oliy Martinez,password,2003-05-22,NULL
llr61,Lyndell Lyndell Rivera,password,1955-12-27,NULL
km62,Karlotte Myers,password,1984-05-21,NULL
ssh63,Stephani Stephani Hayes,password,1963-05-19,NULL
sm64,Sue Mitchell,password,NULL,NULL
nnt65,Nettie Nettie Thompson,password,NULL,NULL
jjt66,Jaquith Jaquith Taylor,password,NULL,NULL
ddb67,Demetria Demetria Bailey,password,1968-10-08,NULL
bbb68,Bridie Bridie Bell,password,1944-08-11,NULL
ssb69,Sonya Sonya Baker,password,NULL,NULL
hm70,Halette Moore,password,2001-08-23,NULL
eh71,Ericka Hall,password,1999-03-28,NULL
nns72,Nathalia Nathalia Sanchez,password,NULL,NULL
da73,Delia Anderson,password,1954-02-23,NULL
lh74,Lorena Hughes,password,NULL,NULL
kc75,Kim Collins,password,1956-04-11,NULL
eer76,Emilee Emilee Rogers,password,1956-12-17,NULL
rrp77,Reeta Reeta Price,password,1977-08-01,NULL
jb78,Joan Barnes,password,NULL,NULL
ssp79,Sissie Sissie Perry,password,1973-09-22,NULL
tw80,Tiphanie Wright,password,1944-09-11,NULL
rl81,Robina Lewis,password,1952-12-09,NULL
mw82,Madalyn Wilson,password,1958-11-05,NULL
llm83,Lauraine Lauraine Miller,password,NULL,NULL
bg84,Babara Gray,password,NULL,NULL
mmg85,Margeaux Margeaux Gonzalez,password,NULL,NULL
lr86,Lorine Russell,password,1988-06-15,NULL
ccc87,Christen Christen Campbell,password,NULL,NULL
ah88,Ashley Henderson,password,NULL,NULL
cb89,Christi Brooks,password,NULL,NULL
mmc90,Myrilla Myrilla Cook,password,1944-03-24,NULL
fh91,Florencia Howard,password,1994-10-09,NULL
rn92,Roby Nelson,password,1999-03-11,NULL
oot93,Ophelie Ophelie Torres,password,NULL,NULL
bbp94,Brandie Brandie Parker,password,NULL,NULL
ww95,Wynny Wood,password,NULL,NULL
zzd96,Zorine Zorine Davis,password,NULL,NULL
tp97,Tobe Phillips,password,NULL,NULL
da98,Dorothee Adams,password,NULL,NULL
bbs99,Britni Britni Scott,password,1962-03-16,NULL
