nh0,Nathalia Hill,nh0@pitt.edu,password,2002-12-16,NULL
la1,Lorena Allen,la1@pitt.edu,password,NULL,NULL
ap2,Amity Price,ap2@pitt.edu,password,NULL,NULL
ft3,Fernandina Thomas,ft3@pitt.edu,password,NULL,NULL
mb4,Margeaux Butler,mb4@pitt.edu,password,1989-01-05,NULL
sw5,Sapphira Williams,sw5@pitt.edu,password,1953-11-03,NULL
ccm6,Constantina Constantina Miller,ccm6@pitt.edu,password,NULL,NULL
sr7,Sallyann Richardson,sr7@pitt.edu,password,2002-06-25,NULL
wwp8,Wynny Wynny Parker,wwp8@pitt.edu,password,1974-11-23,NULL
rr9,Risa Russell,rr9@pitt.edu,password,NULL,NULL
jjs10,Jaquith Jaquith Stewart,jjs10@pitt.edu,password,NULL,NULL
km11,Kellina Moore,km11@pitt.edu,password,NULL,NULL
bh12,Brynna Hernandez,bh12@pitt.edu,password,1966-12-16,NULL
os13,Ofelia Simmons,os13@pitt.edu,password,NULL,NULL
ew14,Elsy Ward,ew14@pitt.edu,password,NULL,NULL
ppl15,Pauletta Pauletta Long,ppl15@pitt.edu,password,1982-03-04,NULL
ddb16,Darelle Darelle Bennett,ddb16@pitt.edu,password,1973-12-07,NULL
hhc17,Heath Heath Cooper,hhc17@pitt.edu,password,1986-11-26,NULL
bbr18,Bridgette Bridgette Roberts,bbr18@pitt.edu,password,1948-04-05,NULL
nj19,Nanine Jones,nj19@pitt.edu,password,1948-11-15,NULL
wwg20,Wynnie Wynnie Garcia,wwg20@pitt.edu,password,NULL,NULL
el21,Eyde Lopez,el21@pitt.edu,password,NULL,NULL
iiy22,Ianthe Ianthe Young,iiy22@pitt.edu,password,1968-10-18,NULL
rb23,Reena Brooks,rb23@pitt.edu,password,1949-04-17,NULL
kb24,Karla Bell,kb24@pitt.edu,password,1955-06-15,NULL
tts25,Tiphanie Tiphanie Smith,tts25@pitt.edu,password,1987-11-28,NULL
sb26,Sissie Bryant,sb26@pitt.edu,password,NULL,NULL
at27,Alika Thompson,at27@pitt.edu,password,1948-11-10,NULL
sw28,Simona Watson,sw28@pitt.edu,password,1975-07-13,NULL
ld29,Lois Davis,ld29@pitt.edu,password,1976-07-13,NULL
kkr30,Kristien Kristien Reed,kkr30@pitt.edu,password,NULL,NULL
fw31,Florencia Wilson,fw31@pitt.edu,password,1983-04-26,NULL
tg32,Tandie Gray,tg32@pitt.edu,password,NULL,NULL
bt33,Blaire Taylor,bt33@pitt.edu,password,NULL,NULL
cce34,Carolynn Carolynn Evans,cce34@pitt.edu,password,NULL,NULL
jk35,Joete King,jk35@pitt.edu,password,NULL,NULL
oh36,Opal Hall,oh36@pitt.edu,password,NULL,NULL
gge37,Grier Grier Edwards,gge37@pitt.edu,password,1963-04-12,NULL
aam38,Allix Allix Martin,aam38@pitt.edu,password,1975-02-11,NULL
ddm39,Doreen Doreen Martinez,ddm39@pitt.edu,password,NULL,NULL
rm40,Roby Morgan,rm40@pitt.edu,password,NULL,NULL
sr41,Shirline Rogers,sr41@pitt.edu,password,NULL,NULL
fc42,Fionnula Carter,fc42@pitt.edu,password,1957-12-27,NULL
jc43,Jeanine Cook,jc43@pitt.edu,password,1974-06-22,NULL
ggm44,Gennifer Gennifer Morris,ggm44@pitt.edu,password,1982-01-06,NULL
lc45,Lyndell Campbell,lc45@pitt.edu,password,NULL,NULL
aaw46,Annadiane Annadiane Wood,aaw46@pitt.edu,password,NULL,NULL
ddh47,Deerdre Deerdre Harris,ddh47@pitt.edu,password,NULL,NULL
mmj48,Mimi Mimi Jackson,mmj48@pitt.edu,password,1987-11-10,NULL
mmb49,Marika Marika Barnes,mmb49@pitt.edu,password,1959-04-19,NULL
ooc50,Ophelie Ophelie Coleman,ooc50@pitt.edu,password,1978-03-02,NULL
ddc51,Dale Dale Clark,ddc51@pitt.edu,password,1947-04-15,NULL
vvc52,Vicky Vicky Collins,vvc52@pitt.edu,password,1976-09-03,NULL
ccr53,Carine Carine Robinson,ccr53@pitt.edu,password,NULL,NULL
rrs54,Raine Raine Scott,rrs54@pitt.edu,password,1954-11-21,NULL
eep55,Etta Etta Perez,eep55@pitt.edu,password,NULL,NULL
ccp56,Cati Cati Powell,ccp56@pitt.edu,password,1980-09-21,NULL
ds57,Demetria Sanders,ds57@pitt.edu,password,1952-11-17,NULL
hhb58,Halette Halette Bailey,hhb58@pitt.edu,password,NULL,NULL
een59,Etty Etty Nelson,een59@pitt.edu,password,1990-04-06,NULL
dm60,Dita Murphy,dm60@pitt.edu,password,NULL,NULL
jjp61,Jenilee Jenilee Patterson,jjp61@pitt.edu,password,1970-09-02,NULL
ng62,Nettie Gonzales,ng62@pitt.edu,password,1992-09-11,NULL
ddw63,Dannye Dannye Walker,ddw63@pitt.edu,password,1970-04-04,NULL
mmb64,Mariette Mariette Brown,mmb64@pitt.edu,password,NULL,NULL
kkf65,Kylen Kylen Foster,kkf65@pitt.edu,password,1979-03-09,NULL
rrw66,Rahal Rahal White,rrw66@pitt.edu,password,1998-07-14,NULL
ssg67,Sonya Sonya Griffin,ssg67@pitt.edu,password,1977-02-07,NULL
kp68,Keely Phillips,kp68@pitt.edu,password,NULL,NULL
aah69,Aubrette Aubrette Hughes,aah69@pitt.edu,password,NULL,NULL
rrm70,Rivalee Rivalee Mitchell,rrm70@pitt.edu,password,NULL,NULL
aah71,Ame Ame Hayes,aah71@pitt.edu,password,1999-10-21,NULL
ccl72,Chad Chad Lewis,ccl72@pitt.edu,password,1976-02-12,NULL
tth73,Trista Trista Henderson,tth73@pitt.edu,password,1961-03-26,NULL
dda74,Delia Delia Adams,dda74@pitt.edu,password,1960-10-18,NULL
ms75,Moll Sanchez,ms75@pitt.edu,password,1945-11-15,NULL
sg76,Sue Green,sg76@pitt.edu,password,1957-01-25,NULL
pb77,Piper Baker,pb77@pitt.edu,password,NULL,NULL
ggw78,Giulia Giulia Washington,ggw78@pitt.edu,password,2002-05-01,NULL
rrr79,Roxanna Roxanna Ramirez,rrr79@pitt.edu,password,1978-10-23,NULL
dp80,Delinda Perry,dp80@pitt.edu,password,NULL,NULL
wwf81,Wendy Wendy Flores,wwf81@pitt.edu,password,1980-07-07,NULL
ca82,Christi Alexander,ca82@pitt.edu,password,NULL,NULL
la83,Lila Anderson,la83@pitt.edu,password,NULL,NULL
ht84,Heddi Turner,ht84@pitt.edu,password,1986-09-06,NULL
mj85,Martina Jenkins,mj85@pitt.edu,password,1945-12-05,NULL
ht86,Hyacinth Torres,ht86@pitt.edu,password,1958-09-20,NULL
wwr87,Wanids Wanids Rodriguez,wwr87@pitt.edu,password,1999-10-23,NULL
tj88,Tally Johnson,tj88@pitt.edu,password,NULL,NULL
cw89,Codie Wright,cw89@pitt.edu,password,NULL,NULL
jjr90,Josey Josey Rivera,jjr90@pitt.edu,password,NULL,NULL
ggc91,Geneva Geneva Cox,ggc91@pitt.edu,password,NULL,NULL
cch92,Celeste Celeste Howard,cch92@pitt.edu,password,1954-09-03,NULL
ggl93,Gilemette Gilemette Lee,ggl93@pitt.edu,password,NULL,NULL
llg94,Liuka Liuka Gonzalez,llg94@pitt.edu,password,1998-04-09,NULL
bbm95,Becka Becka Myers,bbm95@pitt.edu,password,1946-11-15,NULL
sr96,Silvie Ross,sr96@pitt.edu,password,NULL,NULL
mk97,Marlene Kelly,mk97@pitt.edu,password,1973-07-11,NULL
bbj98,Babara Babara James,bbj98@pitt.edu,password,2004-11-01,NULL
sp99,Shelby Peterson,sp99@pitt.edu,password,1979-09-03,NULL
