rrm0,Reena Reena Miller,rrm0@pitt.edu,password,1960-03-21,NULL
ttp1,Thomasina Thomasina Peterson,ttp1@pitt.edu,password,NULL,NULL
ge2,Gloria Edwards,ge2@pitt.edu,password,1985-10-06,NULL
ch3,Cati Hill,ch3@pitt.edu,password,1973-09-06,NULL
aj4,Arlee James,aj4@pitt.edu,password,NULL,NULL
ls5,Lucy Smith,ls5@pitt.edu,password,1982-11-28,NULL
ggb6,Gypsy Gypsy Bryant,ggb6@pitt.edu,password,1972-04-06,NULL
eee7,Ericka Ericka Evans,eee7@pitt.edu,password,NULL,NULL
ccr8,Corrinne Corrinne Reed,ccr8@pitt.edu,password,1982-07-23,NULL
rrf9,Roxanna Roxanna Foster,rrf9@pitt.edu,password,1972-02-17,NULL
ttr10,Tracee Tracee Rogers,ttr10@pitt.edu,password,NULL,NULL
lm11,Lorena Morgan,lm11@pitt.edu,password,NULL,NULL
jw12,Jeanine Washington,jw12@pitt.edu,password,NULL,NULL
bh13,Brynna Hayes,bh13@pitt.edu,password,1983-10-02,NULL
ppn14,Piper Piper Nelson,ppn14@pitt.edu,password,NULL,NULL
mt15,Marina Taylor,mt15@pitt.edu,password,NULL,NULL
sp16,Sileas Price,sp16@pitt.edu,password,1992-09-02,NULL
ddt17,Darelle Darelle Thompson,ddt17@pitt.edu,password,1996-06-27,NULL
ddh18,Dede Dede Hall,ddh18@pitt.edu,password,1988-07-01,NULL
eem19,Elberta Elberta Martinez,eem19@pitt.edu,password,2001-07-03,NULL
vvb20,Vicky Vicky Barnes,vvb20@pitt.edu,password,NULL,NULL
vr21,Vonny Ramirez,vr21@pitt.edu,password,NULL,NULL
ggc22,Ginelle Ginelle Carter,ggc22@pitt.edu,password,1978-03-11,NULL
bbp23,Britni Britni Phillips,bbp23@pitt.edu,password,NULL,NULL
kkm24,Keslie Keslie Myers,kkm24@pitt.edu,password,1944-08-04,NULL
ttb25,Tally Tally Bell,ttb25@pitt.edu,password,1955-01-16,NULL
is26,Indira Sanders,is26@pitt.edu,password,1968-01-19,NULL
br27,Babara Robinson,br27@pitt.edu,password,NULL,NULL
ls28,Lois Sanchez,ls28@pitt.edu,password,NULL,NULL
ccj29,Constantina Constantina Jackson,ccj29@pitt.edu,password,NULL,NULL
dm30,Demetria Mitchell,dm30@pitt.edu,password,NULL,NULL
mm31,Margeaux Moore,mm31@pitt.edu,password,NULL,NULL
rr32,Reeta Richardson,rr32@pitt.edu,password,NULL,NULL
og33,Ophelie Griffin,og33@pitt.edu,password,NULL,NULL
er34,Elsy Ross,er34@pitt.edu,password,1953-07-06,NULL
kc35,Konstance Campbell,kc35@pitt.edu,password,NULL,NULL
sd36,Sissie Diaz,sd36@pitt.edu,password,NULL,NULL
ad37,Ana Davis,ad37@pitt.edu,password,1965-05-19,NULL
om38,Opal Martin,om38@pitt.edu,password,1972-01-04,NULL
at39,Alika Thomas,at39@pitt.edu,password,2001-02-06,NULL
ggr40,Giulia Giulia Roberts,ggr40@pitt.edu,password,NULL,NULL
hc41,Heath Cooper,hc41@pitt.edu,password,NULL,NULL
ka42,Kim Alexander,ka42@pitt.edu,password,NULL,NULL
lg43,Leena Gonzales,lg43@pitt.edu,password,1985-11-26,NULL
ccp44,Carine Carine Perry,ccp44@pitt.edu,password,NULL,NULL
bbc45,Becka Becka Cook,bbc45@pitt.edu,password,NULL,NULL
cc46,Christen Cox,cc46@pitt.edu,password,NULL,NULL
dg47,Delia Garcia,dg47@pitt.edu,password,NULL,NULL
bbw48,Bridgette Bridgette Wilson,bbw48@pitt.edu,password,NULL,NULL
mw49,Marika Watson,mw49@pitt.edu,password,NULL,NULL
ssl50,Simona Simona Lewis,ssl50@pitt.edu,password,1973-01-04,NULL
yyk51,Yolanda Yolanda King,yyk51@pitt.edu,password,1962-02-06,NULL
dr52,Delinda Rivera,dr52@pitt.edu,password,1978-07-06,NULL
aap53,Aubrette Aubrette Powell,aap53@pitt.edu,password,1985-09-28,NULL
rg54,Rivalee Gonzalez,rg54@pitt.edu,password,1985-03-10,NULL
hhb55,Heddi Heddi Butler,hhb55@pitt.edu,password,NULL,NULL
tp56,Teressa Parker,tp56@pitt.edu,password,1945-07-02,NULL
gj57,Grier Johnson,gj57@pitt.edu,password,NULL,NULL
ssw58,Silvie Silvie Walker,ssw58@pitt.edu,password,1968-08-06,NULL
aah59,Aloysia Aloysia Hughes,aah59@pitt.edu,password,1947-02-17,NULL
na60,Nettie Anderson,na60@pitt.edu,password,NULL,NULL
aab61,Allix Allix Bennett,aab61@pitt.edu,password,1966-12-11,NULL
sh62,Sapphira Hernandez,sh62@pitt.edu,password,NULL,NULL
ffl63,Fernandina Fernandina Lopez,ffl63@pitt.edu,password,NULL,NULL
ab64,Anna-Diane Baker,ab64@pitt.edu,password,NULL,NULL
ep65,Esther Perez,ep65@pitt.edu,password,1944-02-20,NULL
kw66,Karla White,kw66@pitt.edu,password,1952-06-17,NULL
ah67,Ame Harris,ah67@pitt.edu,password,NULL,NULL
hc68,Halette Collins,hc68@pitt.edu,password,1969-01-09,NULL
cg69,Codie Gray,cg69@pitt.edu,password,1992-04-18,NULL
tp70,Trista Patterson,tp70@pitt.edu,password,NULL,NULL
cch71,Christiana Christiana Howard,cch71@pitt.edu,password,NULL,NULL
sj72,Starlin Jenkins,sj72@pitt.edu,password,1962-09-04,NULL
aas73,Aubrie Aubrie Simmons,aas73@pitt.edu,password,1955-05-17,NULL
ddr74,Danica Danica Russell,ddr74@pitt.edu,password,NULL,NULL
kt75,Kristien Turner,kt75@pitt.edu,password,NULL,NULL
ttw76,Tandie Tandie Ward,ttw76@pitt.edu,password,NULL,NULL
jjy77,Josey Josey Young,jjy77@pitt.edu,password,1962-03-09,NULL
iib78,Ianthe Ianthe Brown,iib78@pitt.edu,password,1958-12-23,NULL
bbf79,Betsey Betsey Flores,bbf79@pitt.edu,password,NULL,NULL
ob80,Ora Brooks,ob80@pitt.edu,password,1993-08-10,NULL
gg81,Glory Green,gg81@pitt.edu,password,1957-06-09,NULL
al82,Allyce Lee,al82@pitt.edu,password,NULL,NULL
hj83,Hailee Jones,hj83@pitt.edu,password,NULL,NULL
ccl84,Celeste Celeste Long,ccl84@pitt.edu,password,1944-03-24,NULL
eet85,Emilee Emilee Torres,eet85@pitt.edu,password,1980-08-24,NULL
ss86,Stesha Stewart,ss86@pitt.edu,password,1958-09-02,NULL
ddk87,Denyse Denyse Kelly,ddk87@pitt.edu,password,1997-09-11,NULL
ssw88,Samantha Samantha Wright,ssw88@pitt.edu,password,NULL,NULL
wwm89,Wynny Wynny Morris,wwm89@pitt.edu,password,NULL,NULL
sr90,Sada Rodriguez,sr90@pitt.edu,password,1992-05-24,NULL
ssc91,Susannah Susannah Clark,ssc91@pitt.edu,password,1973-09-04,NULL
rrs92,Roby Roby Scott,rrs92@pitt.edu,password,NULL,NULL
ww93,Wynnie Williams,ww93@pitt.edu,password,NULL,NULL
dh94,Dita Henderson,dh94@pitt.edu,password,1953-03-28,NULL
rra95,Ruperta Ruperta Allen,rra95@pitt.edu,password,1982-03-26,NULL
aaa96,Ashley Ashley Adams,aaa96@pitt.edu,password,NULL,NULL
sc97,Sonya Coleman,sc97@pitt.edu,password,1998-04-26,NULL
km98,Katee Murphy,km98@pitt.edu,password,NULL,NULL
rrw99,Risa Risa Wood,rrw99@pitt.edu,password,1981-11-17,NULL
