ssw0,hhg60,2017-07-04,Let's be friends
mb1,ggh18,2017-04-04,Want to be my friend?
ccg2,ggh86,2017-11-09,Rosemary garlic chicken recipes
aab3,eee81,2017-02-12,HEY stranger, wanna see more ;) add me on snapchat
kf4,rb70,2017-09-08,Want to be my friend?
om5,ddr25,2017-02-10,Want to be my friend, fellow human?
bs6,hhh31,2017-08-12,Want to be my friend?
rrw7,ssh61,2017-09-02,Sometimes it feels like I'm living in a simulation
llp8,kkm52,2017-02-04,Want to be my friend?
tb9,lh29,2017-08-07,Let's be friends
ow10,ssr49,2017-11-12,Want to be my friend?
cm11,mh41,2017-01-09,Want to be my friend?
ccs12,mmy59,2017-01-04,Want to be my friend?
st13,ccw22,2017-06-10,Want to be my friend?
cc14,ab43,2017-07-12,Want to be my friend?
aag15,fj44,2017-08-12,Sometimes it feels like I'm living in a simulation
ew16,mj17,2017-02-05,Want to be my friend?
mj17,da94,2017-05-09,Hi it's mom, add me so I can stalk your significant other
ggh18,tm38,2017-10-03,HEY stranger, wanna see more ;) add me on snapchat
em19,vvk65,2017-10-05,I remember you from state prison, add me back
ttj20,tl53,2017-10-13,Who are you?
ab21,ssw0,2017-09-12,Want to be my friend?
ccw22,ccw22,2017-08-06,Let's be friends
mmp23,ms56,2017-07-11,Let's be friends
rr24,dm47,2017-01-09,Let's be friends
ddr25,mmp23,2017-03-07,Let's be friends
kke26,ssw0,2017-03-09,Want to be my friend?
wwa27,gr46,2017-11-12,Don't add me the feds are watching
zza28,cc14,2017-01-04,Let's be friends
lh29,hhw92,2017-01-10,Don't add me the feds are watching
ttt30,hhw92,2017-05-12,You remember me from CS 1555?
hhh31,ttj20,2017-06-07,Want to be my friend, fellow human?
dc32,mml45,2017-01-07,Want to be my friend?
gj33,gr46,2017-01-04,Want to be my friend?
sd34,is99,2017-08-08,Let's be friends
yg35,ggh86,2017-07-03,Let's be friends
ssw36,mr88,2017-10-07,I remember you from state prison, add me back
nnc37,st13,2017-08-11,Don't add me the feds are watching
tm38,cm11,2017-05-07,Let's be friends
kkl39,hhh31,2017-10-03,Hi it's mom, add me so I can stalk your significant other
pb40,ssw0,2017-10-03,Don't add me the feds are watching
mh41,tb9,2017-03-11,Let's be friends
ffg42,em19,2017-06-08,HEY stranger, wanna see more ;) add me on snapchat
ab43,ig68,2017-09-04,Let's be friends
fj44,ddm89,2017-09-12,Sometimes it feels like I'm living in a simulation
mml45,kc62,2017-10-06,HEY stranger, wanna see more ;) add me on snapchat
gr46,ms56,2017-07-05,Who are you?
dm47,ssw36,2017-05-06,Let's be friends
aap48,wwa27,2017-03-11,I'm in databases with you
ssr49,ggh18,2017-05-11,Rosemary garlic chicken recipes
ap50,tp64,2017-10-09,Who are you?
et51,bs6,2017-01-13,HEY stranger, wanna see more ;) add me on snapchat
kkm52,mml45,2017-01-13,Want to be my friend, fellow human?
tl53,ssr63,2017-08-07,You remember me from CS 1555?
aah54,hhh31,2017-07-03,I'm in databases with you
ccm55,aah54,2017-03-12,Who are you?
ms56,gt67,2017-02-03,Let's be friends
ccs57,ddr25,2017-07-06,You remember me from CS 1555?
dc58,ap76,2017-07-07,Want to be my friend, fellow human?
mmy59,lr75,2017-05-13,Let's be friends
hhg60,kc62,2017-08-11,Who are you?
ssh61,kkl74,2017-09-05,I remember you from state prison, add me back
kc62,eee81,2017-04-10,Let's be friends
ssr63,gr46,2017-04-01,Let's be friends
tp64,mmy59,2017-01-13,Let's be friends
vvk65,ap76,2017-03-12,I'm in databases with you
lw66,jjh87,2017-04-03,Want to be my friend?
gt67,cc14,2017-04-12,Let's be friends
ig68,mmy59,2017-09-11,Want to be my friend?
jm69,rrw7,2017-09-04,Don't add me the feds are watching
rb70,aab3,2017-05-04,Hi it's mom, add me so I can stalk your significant other
rrj71,aab3,2017-03-09,Let's be friends
jjk72,aab3,2017-09-10,Let's be friends
ip73,ow10,2017-11-12,Let's be friends
kkl74,ip73,2017-08-12,Want to be my friend?
lr75,ddm89,2017-03-10,Let's be friends
ap76,eee81,2017-06-01,Don't add me the feds are watching
ac77,ab21,2017-04-11,Is this the real life, is this just fantasy
nb78,ow10,2017-09-11,Rosemary garlic chicken recipes
rrr79,mml45,2017-10-07,Want to be my friend?
lf80,gr46,2017-07-11,Let's be friends
eee81,gj33,2017-10-08,Want to be my friend?
vvc82,cm11,2017-05-04,Want to be my friend?
gp83,kkl74,2017-08-04,HEY stranger, wanna see more ;) add me on snapchat
cca84,pb40,2017-07-04,Who are you?
kkr85,rb70,2017-02-07,Let's be friends
ggh86,ow10,2017-01-03,Want to be my friend?
jjh87,kkr85,2017-05-06,Want to be my friend?
mr88,ap76,2017-04-01,Want to be my friend, fellow human?
ddm89,ig68,2017-02-12,Let's be friends
st90,rrw7,2017-01-09,Want to be my friend?
cn91,mmp23,2017-06-08,Who are you?
hhw92,mmy59,2017-05-07,Want to be my friend?
wr93,gj33,2017-10-06,HEY stranger, wanna see more ;) add me on snapchat
da94,wwa27,2017-11-04,Sometimes it feels like I'm living in a simulation
ddc95,ssr63,2017-10-12,Is this the real life, is this just fantasy
pw96,mb1,2017-09-12,Sometimes it feels like I'm living in a simulation
sss97,hhh31,2017-06-01,Want to be my friend, fellow human?
rrb98,kkr85,2017-11-11,Want to be my friend, fellow human?
is99,ssr49,2017-10-08,Want to be my friend?
ssw0,ssr49,2017-04-10,Sometimes it feels like I'm living in a simulation
mb1,ap76,2017-07-02,Want to be my friend, fellow human?
ccg2,yg35,2017-06-13,Let's be friends
aab3,tb9,2017-04-09,Let's be friends
kf4,aag15,2017-02-09,Want to be my friend?
om5,vvk65,2017-04-11,Let's be friends
bs6,dc32,2017-07-06,Want to be my friend?
rrw7,ac77,2017-11-10,Want to be my friend?
llp8,lf80,2017-09-13,Let's be friends
tb9,mml45,2017-11-04,Rosemary garlic chicken recipes
ow10,ddc95,2017-07-01,Let's be friends
cm11,eee81,2017-06-10,Don't add me the feds are watching
ccs12,vvk65,2017-03-11,Let's be friends
st13,st90,2017-09-09,I remember you from state prison, add me back
cc14,ssw36,2017-03-01,Want to be my friend?
aag15,ccg2,2017-09-03,Want to be my friend?
ew16,sss97,2017-09-10,Who are you?
mj17,hhg60,2017-06-05,Want to be my friend?
ggh18,lf80,2017-06-08,Let's be friends
em19,gt67,2017-01-08,Hi it's mom, add me so I can stalk your significant other
ttj20,st90,2017-10-04,Want to be my friend?
ab21,zza28,2017-04-10,Let's be friends
ccw22,kf4,2017-09-07,HEY stranger, wanna see more ;) add me on snapchat
mmp23,kkr85,2017-09-09,Let's be friends
rr24,lf80,2017-01-10,Let's be friends
ddr25,ccg2,2017-01-13,Want to be my friend?
kke26,em19,2017-04-11,Want to be my friend?
wwa27,zza28,2017-11-07,Sometimes it feels like I'm living in a simulation
zza28,pw96,2017-04-02,Is this the real life, is this just fantasy
lh29,mb1,2017-05-08,Is this the real life, is this just fantasy
ttt30,aap48,2017-03-07,Let's be friends
hhh31,hhh31,2017-04-08,Want to be my friend?
dc32,ccm55,2017-08-04,Hi it's mom, add me so I can stalk your significant other
gj33,ddc95,2017-07-02,Let's be friends
sd34,rr24,2017-02-06,Who are you?
yg35,aag15,2017-08-13,You remember me from CS 1555?
ssw36,ddr25,2017-09-11,Sometimes it feels like I'm living in a simulation
nnc37,ap50,2017-02-11,Want to be my friend?
tm38,ow10,2017-03-08,Want to be my friend?
kkl39,yg35,2017-09-08,HEY stranger, wanna see more ;) add me on snapchat
pb40,cn91,2017-06-06,Let's be friends
mh41,aap48,2017-02-04,Let's be friends
ffg42,ccm55,2017-10-01,Want to be my friend?
ab43,ap50,2017-05-11,Sometimes it feels like I'm living in a simulation
fj44,ddc95,2017-07-12,Let's be friends
mml45,ddc95,2017-03-02,Want to be my friend?
gr46,ms56,2017-11-07,Let's be friends
dm47,ddc95,2017-04-01,Hi it's mom, add me so I can stalk your significant other
aap48,jjk72,2017-06-05,Let's be friends
ssr49,lh29,2017-10-11,Want to be my friend?
ap50,ssw0,2017-02-02,Let's be friends
et51,ddm89,2017-08-02,Hi it's mom, add me so I can stalk your significant other
kkm52,aap48,2017-02-03,Let's be friends
tl53,ssr63,2017-03-05,I'm in databases with you
aah54,rr24,2017-09-04,Let's be friends
ccm55,ggh18,2017-04-08,Want to be my friend?
ms56,sss97,2017-11-09,Let's be friends
ccs57,sss97,2017-02-10,You remember me from CS 1555?
dc58,hhw92,2017-02-11,Don't add me the feds are watching
mmy59,llp8,2017-05-12,Is this the real life, is this just fantasy
hhg60,sd34,2017-07-12,You remember me from CS 1555?
ssh61,ggh86,2017-05-06,Let's be friends
kc62,tb9,2017-04-10,You remember me from CS 1555?
ssr63,mmy59,2017-05-09,HEY stranger, wanna see more ;) add me on snapchat
tp64,tp64,2017-07-01,Want to be my friend?
vvk65,rb70,2017-02-02,Don't add me the feds are watching
lw66,tp64,2017-09-12,I'm in databases with you
gt67,ap50,2017-03-10,Let's be friends
ig68,da94,2017-07-08,Sometimes it feels like I'm living in a simulation
jm69,ddm89,2017-03-05,Rosemary garlic chicken recipes
rb70,mb1,2017-11-07,Don't add me the feds are watching
rrj71,gt67,2017-11-01,Is this the real life, is this just fantasy
jjk72,ggh86,2017-03-08,Want to be my friend?
ip73,hhw92,2017-05-13,Want to be my friend?
kkl74,mml45,2017-03-13,Let's be friends
lr75,ssr49,2017-05-04,Let's be friends
ap76,kkr85,2017-09-12,Sometimes it feels like I'm living in a simulation
ac77,sss97,2017-02-05,Let's be friends
nb78,eee81,2017-11-05,Let's be friends
rrr79,kkr85,2017-05-02,Let's be friends
lf80,ccg2,2017-03-03,Let's be friends
eee81,kkr85,2017-05-05,Is this the real life, is this just fantasy
vvc82,jm69,2017-10-01,You remember me from CS 1555?
gp83,ap76,2017-06-08,Is this the real life, is this just fantasy
cca84,pw96,2017-04-06,You remember me from CS 1555?
kkr85,dc32,2017-07-03,Is this the real life, is this just fantasy
ggh86,cn91,2017-02-13,You remember me from CS 1555?
jjh87,dc58,2017-10-06,Rosemary garlic chicken recipes
mr88,hhh31,2017-09-09,I'm in databases with you
ddm89,tm38,2017-10-09,Let's be friends
st90,gj33,2017-01-09,Want to be my friend?
cn91,mj17,2017-04-09,Who are you?
hhw92,rb70,2017-02-07,Let's be friends
wr93,rrj71,2017-03-06,Is this the real life, is this just fantasy
da94,lh29,2017-02-02,You remember me from CS 1555?
ddc95,ccg2,2017-04-13,Is this the real life, is this just fantasy
pw96,vvk65,2017-01-03,Let's be friends
sss97,om5,2017-09-05,Want to be my friend, fellow human?
rrb98,st90,2017-02-08,Want to be my friend?
is99,ms56,2017-02-10,Want to be my friend?
