1,Cute Fat Baby Animals,SQUEEEEEEEEEEEEEEEEEEEE
2,PA Bartending & Craft Brewing,Show us your cocktail flipping skills
3,Pittsburgh Free & For Sale,For housing cars & bikes and so much more
4,Cute Fat Animals,SQUEEEEEEEE
5,Film Discussions,Share your film reviews and questions here
6,Skateboarders are Us,Shred the gnar
7,Stock Advice,What are we saying nobody actually understands stocks
8,Cute Fat Babies,SQUEEEEE
9,Queen Bey,BeYoNcE iS the QUEEEEEEN
10,Elon Musk Addicts,For when you bet all your remaining cash on $TSLA
