ssw0,Sue Sue White,password,NULL,NULL
mb1,Marina Baker,password,NULL,NULL
ccg2,Carine Carine Gray,password,NULL,NULL
aab3,Anastassia Anastassia Bennett,password,1992-04-02,NULL
kf4,Kacey Flores,password,NULL,NULL
om5,Oliy Murphy,password,NULL,NULL
bs6,Becka Scott,password,1959-05-21,NULL
rrw7,Rivalee Rivalee Wood,password,1981-03-18,NULL
llp8,Liuka Liuka Powell,password,NULL,NULL
tb9,Tally Bailey,password,NULL,NULL
ow10,Ofelia Watson,password,NULL,NULL
cm11,Cordy Martin,password,NULL,NULL
ccs12,Coretta Coretta Smith,password,NULL,NULL
st13,Sileas Thomas,password,NULL,NULL
cc14,Corrinne Coleman,password,NULL,NULL
aag15,Ashley Ashley Griffin,password,NULL,NULL
ew16,Ericka Wright,password,NULL,NULL
mj17,Moll Jackson,password,1998-12-06,NULL
ggh18,Gloria Gloria Harris,password,1965-02-20,NULL
em19,Etta Miller,password,NULL,NULL
ttj20,Tessa Tessa Johnson,password,1965-02-05,NULL
ab21,Amii Bell,password,NULL,NULL
ccw22,Chad Chad Wilson,password,1948-12-17,NULL
mmp23,Myrilla Myrilla Peterson,password,NULL,NULL
rr24,Ruperta Robinson,password,1952-08-20,NULL
ddr25,Dannye Dannye Rodriguez,password,1981-12-21,NULL
kke26,Kristien Kristien Evans,password,1946-07-21,NULL
wwa27,Wendy Wendy Adams,password,NULL,NULL
zza28,Zorina Zorina Anderson,password,1964-10-21,NULL
lh29,Lorenza Howard,password,1948-05-13,NULL
ttt30,Thia Thia Torres,password,1999-06-27,NULL
hhh31,Helyn Helyn Hughes,password,1968-07-10,NULL
dc32,Dusty Cooper,password,NULL,NULL
gj33,Gennifer Jenkins,password,1999-05-09,NULL
sd34,Sonya Diaz,password,NULL,NULL
yg35,Yolanda Garcia,password,NULL,NULL
ssw36,Shelby Shelby Ward,password,NULL,NULL
nnc37,Nettie Nettie Clark,password,1994-12-15,NULL
tm38,Tobe Moore,password,1949-06-05,NULL
kkl39,Kim Kim Lee,password,1972-10-16,NULL
pb40,Perle Brooks,password,1981-11-17,NULL
mh41,Marika Hayes,password,1954-09-04,NULL
ffg42,Fernandina Fernandina Green,password,NULL,NULL
ab43,Annadiane Bryant,password,NULL,NULL
fj44,Florencia Jones,password,NULL,NULL
mml45,Margeaux Margeaux Lopez,password,NULL,NULL
gr46,Geneva Richardson,password,NULL,NULL
dm47,Deerdre Morgan,password,2003-03-02,NULL
aap48,Allix Allix Price,password,1976-04-23,NULL
ssr49,Stephani Stephani Roberts,password,1989-02-06,NULL
ap50,Arlee Phillips,password,1957-06-28,NULL
et51,Eyde Thompson,password,NULL,NULL
kkm52,Kellina Kellina Martinez,password,NULL,NULL
tl53,Trista Long,password,1948-12-03,NULL
aah54,Aloysia Aloysia Henderson,password,NULL,NULL
ccm55,Ciel Ciel Morris,password,NULL,NULL
ms56,Marlene Sanders,password,NULL,NULL
ccs57,Carolynn Carolynn Simmons,password,1975-07-03,NULL
dc58,Dita Carter,password,1992-06-13,NULL
mmy59,Mimi Mimi Young,password,1973-09-23,NULL
hhg60,Heath Heath Gonzales,password,1992-03-05,NULL
ssh61,Sissie Sissie Hernandez,password,NULL,NULL
kc62,Karna Campbell,password,2003-12-02,NULL
ssr63,Starlin Starlin Rivera,password,NULL,NULL
tp64,Tandie Perry,password,1999-12-10,NULL
vvk65,Vicky Vicky King,password,1952-09-17,NULL
lw66,Lorena Williams,password,NULL,NULL
gt67,Gizela Taylor,password,NULL,NULL
ig68,Ianthe Gonzalez,password,2002-03-15,NULL
jm69,Jenilee Myers,password,2004-10-03,NULL
rb70,Roby Barnes,password,NULL,NULL
rrj71,Reena Reena James,password,1982-12-12,NULL
jjk72,Jacki Jacki Kelly,password,NULL,NULL
ip73,Indira Patterson,password,1973-05-27,NULL
kkl74,Katee Katee Lewis,password,NULL,NULL
lr75,Leena Reed,password,NULL,NULL
ap76,Aile Perez,password,1985-07-13,NULL
ac77,Ame Cook,password,2001-08-24,NULL
nb78,Nanine Butler,password,1961-12-23,NULL
rrr79,Rosetta Rosetta Russell,password,NULL,NULL
lf80,Lucy Foster,password,1944-09-12,NULL
eee81,Elberta Elberta Edwards,password,NULL,NULL
vvc82,Vikky Vikky Collins,password,NULL,NULL
gp83,Giulia Parker,password,1978-05-09,NULL
cca84,Codie Codie Alexander,password,1957-12-21,NULL
kkr85,Keslie Keslie Ross,password,NULL,NULL
ggh86,Grier Grier Hall,password,NULL,NULL
jjh87,Jaquith Jaquith Hill,password,1961-09-11,NULL
mr88,Madalyn Rogers,password,NULL,NULL
ddm89,Delinda Delinda Mitchell,password,1967-06-13,NULL
st90,Saraann Turner,password,NULL,NULL
cn91,Christen Nelson,password,NULL,NULL
hhw92,Halette Halette Washington,password,NULL,NULL
wr93,Wynnie Ramirez,password,1994-04-04,NULL
da94,Dorothee Allen,password,1989-02-11,NULL
ddc95,Doreen Doreen Cox,password,NULL,NULL
pw96,Piper Walker,password,NULL,NULL
sss97,Sallyann Sallyann Stewart,password,NULL,NULL
rrb98,Roxanna Roxanna Brown,password,NULL,NULL
is99,Idaline Sanchez,password,NULL,NULL
